name,id,desc,type,default,options,validate,error,category
Logo image URL,wpd_display_logo,"The direct link to your logo image (use <a href=""media-new.php"">Media &gt; Add New</a> to upload an image, then copy the <strong>File URL</strong> and paste it here)",text,,,none,,Header
Show tagline,wpd_display_tagline,"Should your blog's Tagline (use <a href=""options-general.php"">Settings &gt; General</a> to change) be displayed below the logo?",checkbox,0,,none,,Header
Featured box location,wpd_display_featured,"Should the featured link title, image, and description appear above or below the logo/site name?",select,below,"above,below",none,,Header
Category listing,wpd_display_catlisting,Should the categories be listed in the header?,checkbox,0,,none,,Header
,,,,,,,,
Background color,wpd_style_bgcolor,Enter the 6-digit hex code for the background color,text,#ffffff,,is_hex,This is not a hex color code so the default color will be used.,Borders and colors
Content wrapper color,wpd_style_wrapcolor,Enter a 6-digit hex code for the background color of the content wrapper,text,#ffffff,,is_hex,This is not a hex color code so the default color will be used.,Borders and colors
Top navigation background,wpd_style_menubgcolor,Enter the 6-digit hex code for the menu item background,text,#eeeeee,,is_hex,This is not a hex color code so the default color will be used.,Borders and colors
Top navigation link color,wpd_style_navlinkcolor,Enter a 6-digit hex code for the color of the header navigation links,text,#222222,,is_hex,This is not a hex color code so the default color will be used.,Borders and colors
Header color,wpd_style_headcolor,Enter a 6-digit hex code for all the header text,text,#222222,,is_hex,This is not a hex color code so the default color will be used.,Borders and colors
Link color,wpd_style_linkcolor,Enter a 6-digit hex code for the link color site-wide,text,#222222,,is_hex,This is not a hex color code so the default color will be used.,Borders and colors
Visited link color,wpd_style_vlinkcolor,Enter a 6-digit hex code for the color of visited links,text,#222222,,is_hex,This is not a hex color code so the default color will be used.,Borders and colors
Text color,wpd_style_textcolor,Enter a 6-digit hex code for all the text that is not a link or a header,text,#222222,,is_hex,This is not a hex color code so the default color will be used.,Borders and colors
Vertical borders for columns,wpd_style_colborder,Select the border type for the vertical columns,select,none,"none,light,medium,dark",none,,Borders and colors
Horizontal border for widgets,wpd_style_boxborder,Select the border type for widgets on all pages,select,none,"none,light,medium,dark",none,,Borders and colors
Horizontal borders for links,wpd_style_linkborder,Select the border type for the individual links. Also controls border for the comments section on the post page,select,none,"light,medium,dark",none,,Borders and colors
Add border to all posted links,wpd_display_postedlink_border,Should all posted links have a border beneath them? This overrides individual link settings,checkbox,0,,none,,Borders and colors
Add border to all static links,wpd_display_staticlink_border,Should all static links have a border beneath them?,checkbox,0,,none,,Borders and colors
,,,,,,,,
Featured box font,wpd_style_featfont,Choose the font to be used for featured heading and description,select,Arial,"Drudge,Arial,Helvetica,Times New Roman,Georgia,Trebuchet MS,Verdana,Tahoma,Impact,Courier New,Palatino Linotype",none,,Typography
Featured link size,wpd_style_feat_size,"Enter the size, in pixels, for the featured link",text,24,,is_num,Your input was not a number so the previous value is being used.,Typography
Navigation link size,wpd_style_navsize,"Enter the size, in pixels, for the navigation links",text,12,,is_num,Your input was not a number so the previous value is being used.,Typography
Header font,wpd_style_headfont,Choose the font to be used for header text everywhere,select,Arial,"Drudge,Arial,Helvetica,Times New Roman,Georgia,Trebuchet MS,Verdana,Tahoma,Impact,Courier New,Palatino Linotype",none,,Typography
Header text size,wpd_style_headsize,"Enter the size, in pixels, for the header text on the home, category, and content pages",text,18,,is_num,Your input was not a number so the previous value is being used.,Typography
Header bold,wpd_style_headbold,Should headers on the home and category pages be bold?,checkbox,0,,none,,Typography
Global font,wpd_style_linkfont,Choose the font for text not controlled by another option on this page,select,Arial,"Drudge,Arial,Helvetica,Times New Roman,Georgia,Trebuchet MS,Verdana,Tahoma,Impact,Courier New,Palatino Linotype",none,,Typography
Posted link text size,wpd_style_linksize,"Enter the size, in pixels, for the link text on the home and category pages",text,13,,is_num,Your input was not a number so the previous value is being used.,Typography
Description text size,wpd_style_descsize,"Enter the size, in pixels, for the description text on the home and category pages",text,12,,is_num,Your input was not a number so the previous value is being used.,Typography
Post and page text size,wpd_style_pagesize,"Enter the size, in pixels, for the post and page content text",text,12,,is_num,Your input was not a number so the previous value is being used.,Typography
"Underline posted, static, and featured links",wpd_style_linkstyle,"Should posted, static and featured links be underlined?",checkbox,0,,none,,Typography
"Boldface posted, static, and featured links",wpd_style_linkbold,"Should posted, static and featured links be bold?",checkbox,0,,none,,Typography
,,,,,,,,
Featured image location,wpd_display_fimage,"If you are using an image for a featured link, should the image appear above or below the title?",select,above,"above,below left,below right,below middle,bottom",none,,Images
Featured image size,wpd_style_featimgsize,"Enter the width, in pixels, for the featured image",text,200,,is_num,Your input was not a number so the previous value is being used.,Images
Posted link image location,wpd_display_image,"If you are using an image for a link, where should it be located?",select,bottom,"top,middle,bottom",none,,Images
Posted image size,wpd_style_postimgsize,"Enter the width in pixels, for the posted links images. These images are automatically re-sized to fit within the column so a large value here won't cause any layout issues.",text,140,,is_num,Your input was not a number so the previous value is being used.,Images
Display posted image on page,wpd_display_singleimage,Should the posted link image be displayed on the single post page?,select,no,"no,top middle,top left,top right",none,,Images
Static link image size,wpd_display_staticimgsize,How large should the images for the static links be? These are aligned to the left so the image size should be small,text,40,,is_num,Your input was not a number so the previous value is being used.,Images
,,,,,,,,
Mobile link to use,wpd_mobile_uselink,What link should be used as the main mobile site? Paste a direct URL in the field below. The mobile site banner will not display unless there is a URL in this field.,text,,,none,,Mobile
Text to use on the mobile banner,wpd_mobile_bannertxt,Enter the text to display on the mobile site banner prompt (keep it short),text,We now have a mobile site!,,none,,Mobile
Mobile user agent,wpd_mobile_redirect,How should the site handle detected mobile user agents?,select,do nothing,"do nothing,automatic redirect,prompt for mobile site",none,,Mobile
Small screens prompt,wpd_mobile_smscreen,Should users with small screens be prompted with the mobile site?,checkbox,no,,none,,Mobile
All users prompt display,wpd_mobile_allscreen,Should all users be prompted with the mobile site?,checkbox,no,,none,,Mobile
Hide images,wpd_mobile_imagegone,Should the  posted images be removed from the mobile page?,checkbox,yes,,none,,Mobile
Show featured,wpd_mobile_featured,Should the featured story be shown?,checkbox,yes,,none,,Mobile
Use responsive CSS on regular site,wpd_mobile_responsive,"Keeping this option on will style regular site pages differently for users with small screens, including mobile users",checkbox,yes,,none,,Mobile
,,,,,,,,
Content width and layout,wpd_display_layout,"Select the width and behavior of the content area. ""fixed"" is a fixed width (960px), ""fluid (full)"" expands to fill the browser width, ""fluid (partial)"" also expands but does not reach the edges of the browser.",select,fixed,"fixed,fluid (full),fluid (partial)",none,,Other
Overall spacing,wpd_display_spacing,Select the general spacing of the site,select,medium,"tight,medium,spacious",none,,Other
"Use ""Right Column"" everywhere",wpd_display_rightcol,"Should the ""Right Column"" sidebar be used on post and category pages as well as the homepage?",checkbox,,,none,,Other
Category + archive page display,wpd_display_catpage,How should the category pages be displayed? ,select,3 columns,"3 columns,simple list",none,,Other
Blurb and body field usage,wpd_display_blurbbody,How should the body and blurb field be used on the site?,select,blurb on list and body on post pages,"body text everywhere,blurb text everywhere,blurb on list and body on post pages,body on list and blurb on post pages",none,,Other
Add interruption page,wpd_display_interrupt,Should all links go to a page on your site before going off-site?,checkbox,,,none,,Other
Link posted link category headers,wpd_display_linkcatheads,Should the category headers for post link widgets be linked to their category pages?,checkbox,,,none,,Other
Show featured posts on category & tag pages?,wpd_display_featoncat,"Choose ""not displayed"" to suppress the featured post on category & tag pages. Choose ""display any featured"" to show the newest featured post everywhere. Choose ""display category featured"" to only show featured articles from the taxonomy being viewed.",select,not displayed,"not displayed,display any featured,display category featured",none,,Other
Show featured posts on date archive pages?,wpd_display_featondate,Should the featured posts show on date archive pages?,checkbox,,,none,,Other
Show featured posts on WP-Drudge page template,wpd_display_featonwpd,How should the featured post be displayed on WP-Drudge templated pages,select,displayed,"displayed,not displayed",none,,Other
Show link to comments,wpd_display_comlink,Should a link be added that takes people to a comments page for all posts and posted links?,checkbox,0,,none,,Other
Show meta information on posts,wpd_display_postinfo,"Should on-site posts show posted date, author, category, and comment information?",checkbox,yes,,none,,Other
Links in new tab,wpd_display_newtab,Should the external posted links on your site open in new tabs?,checkbox,0,,none,,Other
Footer text,wpd_display_footext,Enter text to appear next to the copyright notice,text,,,none,,Other
Use Facebook commenting,wpd_display_fbcomments,Use the Facebook commenting widget instead of the standard WordPress commenting form. This overrides the core WordPress commenting setting,checkbox,0,,none,,Other
,,,,,,,,
Additional CSS,wpd_style_morecss,"Use the box below to add CSS to the theme. <a href=""http://wpdrudge.com/docs/customization-using-additional-css"" target=""_blank"">Need some ideas? Start here!</a>",textarea,,,none,,Advanced
Additional header code,wpd_code_header,Use the box below to add HTML code to the header of your site (within the <head> tags),textarea,,,none,,Advanced
Additional footer code,wpd_code_footer,Use the box below to add HTML code to the footer of your site (just before the </body> tag),textarea,,,none,,Advanced
RSS feed widget cache (in seconds),wpd_display_feedcache,Enter the RSS feed widget cache time limit in seconds. This is used for all WP-Drudge RSS Feed widgets. ,text,1800,,is_num,Your input was not a number so the previous value is being used.,Advanced
Add nofollow to all outgoing links,wpd_display_nofollow,Should the external posted links on your site have the rel attribute nofollow added?,checkbox,0,,none,,Advanced
Remove post and page editor,wpd_display_rmeditor,This will remove the post and page editor. Do not check this if you plan on creating pages or posts on the site.,checkbox,0,,none,,Advanced
Remove custom field display,wpd_display_cfields,This will remove the custom fields meta box on post pages,checkbox,yes,,none,,Advanced
Remove WP-Drudge footer link,wpd_display_wpdlink,"This will remove the ""Powered by WP-Drudge"" link in the footer.",checkbox,yes,,none,,Advanced