<?xml version="1.0"?>
<tree id="0"><item id="/dhtmlxcommon.js" text="dhtmlxcommon.js"><userdata name="desc">common js</userdata><userdata name="edition">any</userdata><userdata name="insrc">true</userdata><userdata name="inapi">true</userdata></item><item id="/dhtmlxtabbar.css" text="dhtmlxtabbar.css"><userdata name="desc">tabbar css</userdata><userdata name="edition">any</userdata><userdata name="insrc">false</userdata></item><item id="/dhtmlxtabbar.js" text="dhtmlxtabbar.js"><userdata name="desc">tabbar main js file</userdata><userdata name="edition">mx</userdata><userdata name="insrc">true</userdata><userdata name="inapi">true</userdata></item><item id="/dhtmlxtabbar_start.js" select="1" text="dhtmlxtabbar_start.js"><userdata name="desc">Initialization from HTML</userdata><userdata name="edition">any</userdata><userdata name="insrc">true</userdata><userdata name="inapi">true</userdata></item></tree>
